date,open,high,low,close,volume
2023-02-06 22:30:36.581281,636.44,652.01,630.49,637.64,422528
2023-02-07 22:30:36.581281,643.78,652.8,643.78,648.6,1483577
2023-02-08 22:30:36.581281,649.69,661.1,647.82,657.13,5392302
2023-02-09 22:30:36.581281,666.68,676.99,666.68,670.43,2535958
2023-02-10 22:30:36.581281,680.51,684.39,680.51,682.36,4484895
2023-02-13 22:30:36.581281,688.16,716.13,688.16,692.54,7281257
2023-02-14 22:30:36.581281,693.16,722.12,693.16,698.14,1501414
2023-02-15 22:30:36.581281,707.17,719.94,707.17,712.47,2888603
2023-02-16 22:30:36.581281,714.0,735.2,707.55,725.67,8378076
2023-02-17 22:30:36.581281,741.42,746.47,741.42,745.53,6737329
2023-02-20 22:30:36.581281,769.17,780.0,769.17,775.7,4421907
2023-02-21 22:30:36.581281,770.85,819.17,770.85,790.97,756504
2023-02-22 22:30:36.581281,798.8,803.62,798.8,802.75,3110211
2023-02-23 22:30:36.581281,834.08,853.1,834.08,846.02,6752821
2023-02-24 22:30:36.581281,846.75,861.53,846.75,857.54,447599
2023-02-27 22:30:36.581281,901.1,908.49,901.1,904.83,481950
2023-02-28 22:30:36.581281,965.02,980.18,965.02,973.46,562801
2023-03-01 22:30:36.581281,976.36,1006.1,976.36,1005.66,1436986
2023-03-02 22:30:36.581281,1027.05,1050.53,1027.05,1046.7,7694344
2023-03-03 22:30:36.581281,1140.32,1187.83,1140.32,1162.29,184630
2023-03-06 22:30:36.581281,1199.93,1230.47,1199.93,1228.38,1393692
2023-03-07 22:30:36.581281,1353.21,1376.02,1353.21,1375.21,10415480
2023-03-08 22:30:36.581281,1563.97,1602.65,1563.97,1567.24,5304470
2023-03-09 22:30:36.581281,1785.18,1806.92,1785.18,1786.25,14403198
2023-03-10 22:30:36.581281,2067.99,2112.54,2067.99,2098.25,2277730
2023-03-13 22:30:36.581281,2591.69,2731.21,2591.69,2656.42,2963120
2023-03-14 22:30:36.581281,3451.15,3564.63,3451.15,3515.37,1128605
2023-03-15 22:30:36.581281,5242.81,5396.39,5242.81,5273.06,13187433
2023-03-16 22:30:36.581281,7892.3,7929.94,7892.3,7909.59,28002818
2023-03-17 22:30:36.581281,11551.03,12109.97,11551.03,11864.38,31125675
2023-03-20 22:30:36.581281,16441.77,18666.47,16441.77,17796.57,6598590
2023-03-21 22:30:36.581281,26667.03,26850.96,26667.03,26694.86,27438901
2023-03-22 22:30:36.581281,39731.71,40354.05,39731.71,40042.29,17449822
2023-03-23 22:30:36.581281,59439.0,60713.98,59439.0,60063.43,16019724
2023-03-24 22:30:36.581281,86709.56,90467.86,86709.56,90095.14,27127075
2023-03-27 22:30:36.581281,98419.73,100315.37,98419.73,100000.0,7569473
2023-03-28 22:30:36.581281,100286.63,101383.94,98613.53,100000.0,5068482
2023-03-29 22:30:36.581281,100289.03,100289.03,98819.19,100000.0,302576
2023-03-30 22:30:36.581281,100727.55,101218.26,98078.42,100000.0,2697701
2023-03-31 22:30:36.581281,99030.13,101276.72,98129.95,100000.0,3150393
2023-04-03 22:30:36.581281,99507.01,105728.47,99507.01,100000.0,4604979
2023-04-04 22:30:36.581281,100023.5,100967.05,99409.62,100000.0,1714392
2023-04-05 22:30:36.581281,99355.44,101068.04,99190.19,100000.0,2150553
2023-04-06 22:30:36.581281,100053.74,100053.74,99477.82,100000.0,947913
2023-04-07 22:30:36.581281,99478.86,100183.51,99475.88,100000.0,3799777
2023-04-10 22:30:36.581281,100786.88,101775.17,97390.09,100000.0,2462652
2023-04-11 22:30:36.581281,100400.07,100400.07,99047.88,100000.0,3352781
2023-04-12 22:30:36.581281,100007.18,101051.89,97499.0,100000.0,2597526
2023-04-13 22:30:36.581281,100058.7,100058.7,99927.0,100000.0,2513878
2023-04-14 22:30:36.581281,99920.97,100093.88,99920.97,100000.0,5011654
2023-04-17 22:30:36.581281,100349.27,100349.27,97815.48,100000.0,663597
2023-04-18 22:30:36.581281,99921.11,102503.49,97981.59,100000.0,1142004
2023-04-19 22:30:36.581281,100222.0,100222.0,97670.86,100000.0,2115675
2023-04-20 22:30:36.581281,99722.63,100656.28,99722.63,100000.0,7987320
2023-04-21 22:30:36.581281,100636.89,100636.89,97070.87,100000.0,4362760
2023-04-24 22:30:36.581281,100008.21,105253.84,99760.44,100000.0,2188988
2023-04-25 22:30:36.581281,99068.79,100761.99,99068.79,100000.0,5620935
2023-04-26 22:30:36.581281,100293.26,100951.36,97064.22,100000.0,2513722
2023-04-27 22:30:36.581281,100577.11,100848.21,98265.82,100000.0,5329546
2023-04-28 22:30:36.581281,100818.88,100818.88,96325.04,100000.0,4394954
2023-05-01 22:30:36.581281,99847.81,101486.62,99769.01,100000.0,573553
2023-05-02 22:30:36.581281,99254.32,100497.55,98872.55,100000.0,1234866
2023-05-03 22:30:36.581281,99845.15,103277.45,99646.35,100000.0,4839091
2023-05-04 22:30:36.581281,100794.69,102204.49,98072.08,100000.0,3482393
2023-05-05 22:30:36.581281,100039.41,101132.06,98288.14,100000.0,2586184
2023-05-08 22:30:36.581281,100753.36,104162.84,98646.03,100000.0,4706101
2023-05-09 22:30:36.581281,100204.38,102830.71,98157.8,100000.0,2389505
2023-05-10 22:30:36.581281,99957.01,105024.91,97650.09,100000.0,1913145
2023-05-11 22:30:36.581281,100475.43,101057.98,98877.97,100000.0,87107
2023-05-12 22:30:36.581281,100015.49,101346.05,98872.43,100000.0,789830
2023-05-15 22:30:36.581281,100340.95,101832.31,98780.58,100000.0,2080874
2023-05-16 22:30:36.581281,99803.67,103350.35,99758.93,100000.0,2713043
2023-05-17 22:30:36.581281,100507.88,101179.23,99693.69,100000.0,3978002
2023-05-18 22:30:36.581281,99746.71,100085.04,99129.05,100000.0,5499515
2023-05-19 22:30:36.581281,100856.06,100969.86,98724.5,100000.0,3004470
2023-05-22 22:30:36.581281,100202.4,100756.54,99458.64,100000.0,3768357
2023-05-23 22:30:36.581281,99974.24,100300.62,97578.66,100000.0,3694266
2023-05-24 22:30:36.581281,100358.93,101843.95,95461.32,100000.0,3216069
2023-05-25 22:30:36.581281,99520.91,102055.72,99520.91,100000.0,2028074
2023-05-26 22:30:36.581281,100541.04,101516.32,98771.31,100000.0,1899976
2023-05-29 22:30:36.581281,99444.33,101129.69,99153.09,100000.0,1067952
2023-05-30 22:30:36.581281,99886.85,100082.55,98634.08,100000.0,2928341
2023-05-31 22:30:36.581281,99537.03,104530.39,98528.31,100000.0,5322934
2023-06-01 22:30:36.581281,100902.19,101069.32,99583.48,100000.0,3406070
2023-06-02 22:30:36.581281,100145.16,102521.18,98379.95,100000.0,1857258
2023-06-05 22:30:36.581281,99853.16,100469.2,98811.69,100000.0,773524
2023-06-06 22:30:36.581281,100188.15,100544.33,99503.03,100000.0,7045474
2023-06-07 22:30:36.581281,100073.64,100956.89,98428.74,100000.0,6795394
2023-06-08 22:30:36.581281,100681.47,105507.22,98975.97,100000.0,3718380
2023-06-09 22:30:36.581281,99813.06,101340.63,97513.48,100000.0,1466078
2023-06-12 22:30:36.581281,99749.12,101435.74,97087.6,100000.0,1512366
2023-06-13 22:30:36.581281,99635.55,100286.81,97857.94,100000.0,1127478
2023-06-14 22:30:36.581281,99835.97,101009.96,99241.58,100000.0,393663
2023-06-15 22:30:36.581281,99081.8,100111.65,98136.46,100000.0,6960521
2023-06-16 22:30:36.581281,100189.83,100189.83,99964.07,100000.0,1727098
2023-06-19 22:30:36.581281,99893.64,100419.22,99319.92,100000.0,3224380
2023-06-20 22:30:36.581281,99084.94,100228.46,98198.69,100000.0,3668475
2023-06-21 22:30:36.581281,99896.27,102080.15,99650.54,100000.0,465603
2023-06-22 22:30:36.581281,99607.43,102100.87,99607.43,100000.0,7171721
2023-06-23 22:30:36.581281,99773.56,101624.59,96734.15,100000.0,7179051
2023-06-26 22:30:36.581281,100010.19,102287.16,97962.12,100000.0,7465274
2023-06-27 22:30:36.581281,99646.28,100118.97,99600.76,100000.0,1745926
2023-06-28 22:30:36.581281,98478.15,100234.86,98327.08,100000.0,4089590
2023-06-29 22:30:36.581281,100243.74,101201.5,98017.29,100000.0,3476247
2023-06-30 22:30:36.581281,100377.37,101392.57,97665.33,100000.0,4755555
2023-07-03 22:30:36.581281,99387.81,101789.08,98565.45,100000.0,4603178
2023-07-04 22:30:36.581281,100054.42,100618.22,99415.82,100000.0,4773390
2023-07-05 22:30:36.581281,100329.67,100886.46,99765.28,100000.0,5802428
2023-07-06 22:30:36.581281,99875.49,100525.02,99875.49,100000.0,1614316
2023-07-07 22:30:36.581281,99993.1,100566.06,96818.5,100000.0,928858
2023-07-10 22:30:36.581281,101146.74,101529.43,96936.87,100000.0,2436272
2023-07-11 22:30:36.581281,100234.24,102607.13,98161.05,100000.0,2894941
2023-07-12 22:30:36.581281,99674.61,103697.99,98233.68,100000.0,6806008
2023-07-13 22:30:36.581281,99825.87,101163.39,95212.95,100000.0,4617436
2023-07-14 22:30:36.581281,100674.32,103023.66,96891.44,100000.0,2645031
2023-07-17 22:30:36.581281,99583.75,100335.09,98568.66,100000.0,2002654
2023-07-18 22:30:36.581281,100269.74,101181.81,98974.09,100000.0,5525898
2023-07-19 22:30:36.581281,99875.37,100797.83,99220.79,100000.0,4120405
2023-07-20 22:30:36.581281,100409.9,100892.66,98838.85,100000.0,967515
2023-07-21 22:30:36.581281,101161.78,103003.51,99388.86,100000.0,1682737
2023-07-24 22:30:36.581281,99930.55,100069.65,98743.11,100000.0,3657272
2023-07-25 22:30:36.581281,98929.25,100738.02,98770.0,100000.0,1607907
2023-07-26 22:30:36.581281,99473.12,102964.54,97216.14,100000.0,4011966
2023-07-27 22:30:36.581281,99938.09,100543.74,96186.81,100000.0,3773145
2023-07-28 22:30:36.581281,100327.73,100327.73,98452.31,100000.0,6104625
2023-07-31 22:30:36.581281,99997.12,100690.35,99997.12,100000.0,1450763
2023-08-01 22:30:36.581281,100203.27,100203.27,98865.23,100000.0,2388162
2023-08-02 22:30:36.581281,99475.24,100373.76,99232.39,100000.0,3787849
2023-08-03 22:30:36.581281,100643.12,101940.44,98751.91,100000.0,815239
2023-08-04 22:30:36.581281,99462.3,101224.96,99184.98,100000.0,5913397
2023-08-07 22:30:36.581281,100556.34,102030.2,99555.81,100000.0,6755367
2023-08-08 22:30:36.581281,99660.79,101417.06,99105.8,100000.0,2106956
2023-08-09 22:30:36.581281,99779.76,100321.02,99731.58,100000.0,2394038
2023-08-10 22:30:36.581281,100027.88,101185.67,99640.35,100000.0,2558151
2023-08-11 22:30:36.581281,99148.99,101695.63,99025.67,100000.0,1842433
2023-08-14 22:30:36.581281,100121.1,101454.66,97391.65,100000.0,1165850
2023-08-15 22:30:36.581281,99377.48,100681.68,98723.09,100000.0,2145098
2023-08-16 22:30:36.581281,100187.75,100623.86,99811.79,100000.0,2511116
2023-08-17 22:30:36.581281,99158.0,102539.14,96864.28,100000.0,2655685
2023-08-18 22:30:36.581281,99010.47,100867.91,98492.48,100000.0,745055
2023-08-21 22:30:36.581281,100740.95,102941.37,96400.93,100000.0,2943996
2023-08-22 22:30:36.581281,99782.94,100831.15,98387.35,100000.0,760240
2023-08-23 22:30:36.581281,99295.15,100059.96,96932.32,100000.0,449142
2023-08-24 22:30:36.581281,98582.73,102178.73,97496.05,100000.0,4676941
2023-08-25 22:30:36.581281,100213.62,105342.87,98939.34,100000.0,1640454
2023-08-28 22:30:36.581281,99777.25,102296.69,98899.18,100000.0,2962855
2023-08-29 22:30:36.581281,99864.21,101831.98,97629.3,100000.0,2348687
2023-08-30 22:30:36.581281,100749.22,100749.22,98624.06,100000.0,4626616
2023-08-31 22:30:36.581281,100382.94,104346.12,98009.02,100000.0,3221009
2023-09-01 22:30:36.581281,100055.71,101360.78,99263.84,100000.0,487777
2023-09-04 22:30:36.581281,100396.7,100519.18,98721.61,100000.0,242694
2023-09-05 22:30:36.581281,100675.68,101061.29,99575.18,100000.0,1392275
2023-09-06 22:30:36.581281,99999.97,101445.83,98582.98,100000.0,3178173
2023-09-07 22:30:36.581281,99629.71,101389.74,99591.1,100000.0,269892
2023-09-08 22:30:36.581281,100318.83,100913.19,98478.88,100000.0,2380376
2023-09-11 22:30:36.581281,99779.4,103940.09,99202.92,100000.0,232998
2023-09-12 22:30:36.581281,100236.59,100490.09,98210.24,100000.0,948109
2023-09-13 22:30:36.581281,99292.54,100538.37,98896.08,100000.0,4354401
2023-09-14 22:30:36.581281,99890.22,100708.16,99286.94,100000.0,5794963
2023-09-15 22:30:36.581281,100093.74,106120.8,98904.16,100000.0,3563943
2023-09-18 22:30:36.581281,100607.55,102357.94,99327.87,100000.0,7928515
2023-09-19 22:30:36.581281,99646.85,101566.29,99454.61,100000.0,4961053
2023-09-20 22:30:36.581281,100238.51,102642.92,99972.39,100000.0,5094328
2023-09-21 22:30:36.581281,100564.96,105252.93,99555.49,100000.0,6442965
2023-09-22 22:30:36.581281,100367.48,100992.49,98634.23,100000.0,459226
2023-09-25 22:30:36.581281,100759.95,103628.65,96978.27,100000.0,3558181
2023-09-26 22:30:36.581281,100137.76,101631.7,98544.13,100000.0,1824450
2023-09-27 22:30:36.581281,98644.32,100805.03,97479.46,100000.0,267460
2023-09-28 22:30:36.581281,100087.55,103918.4,98492.68,100000.0,2516401
2023-09-29 22:30:36.581281,100040.75,100852.06,95715.03,100000.0,6075919
2023-10-02 22:30:36.581281,99560.86,100171.38,99246.28,100000.0,3319511
2023-10-03 22:30:36.581281,99940.78,102334.85,98831.99,100000.0,7608535
2023-10-04 22:30:36.581281,100647.23,100663.99,97882.51,100000.0,7692451
2023-10-05 22:30:36.581281,100148.67,101561.16,99503.12,100000.0,3913281
2023-10-06 22:30:36.581281,100954.43,102937.64,99982.92,100000.0,2734488
2023-10-09 22:30:36.581281,100594.93,101491.42,98503.64,100000.0,2175536
2023-10-10 22:30:36.581281,99195.99,100752.27,99195.99,100000.0,2181303
2023-10-11 22:30:36.581281,99971.42,100732.93,99875.77,100000.0,1784767
2023-10-12 22:30:36.581281,99161.57,101181.8,98556.68,100000.0,2657108
2023-10-13 22:30:36.581281,100134.08,100134.08,99180.64,100000.0,4946681
2023-10-16 22:30:36.581281,99836.18,101416.01,97563.38,100000.0,1775532
2023-10-17 22:30:36.581281,99684.95,104094.14,95734.73,100000.0,1031390
2023-10-18 22:30:36.581281,100073.56,100073.56,98150.06,100000.0,1580491
2023-10-19 22:30:36.581281,99985.35,100267.77,99985.35,100000.0,3921141
2023-10-20 22:30:36.581281,99912.99,103211.02,99737.68,100000.0,1191960
2023-10-23 22:30:36.581281,100448.19,103630.33,99336.33,100000.0,2567089
2023-10-24 22:30:36.581281,100947.8,102670.67,99532.84,100000.0,1530251
2023-10-25 22:30:36.581281,100233.01,101597.85,99039.52,100000.0,2420483
2023-10-26 22:30:36.581281,100351.17,101741.12,97058.67,100000.0,4234345
2023-10-27 22:30:36.581281,99053.58,100412.74,96854.63,100000.0,499524
2023-10-30 22:30:36.581281,99707.0,102076.78,99476.55,100000.0,6319910
2023-10-31 22:30:36.581281,100130.96,100206.34,99494.1,100000.0,2285058
2023-11-01 22:30:36.581281,100585.26,100970.0,99963.44,100000.0,6304091
2023-11-02 22:30:36.581281,100753.92,101376.1,99980.03,100000.0,2848389
2023-11-03 22:30:36.581281,100038.95,100472.01,96842.01,100000.0,2568125
2023-11-06 22:30:36.581281,99862.65,101285.5,97748.06,100000.0,687875
2023-11-07 22:30:36.581281,100347.86,100879.97,99473.98,100000.0,6431577
2023-11-08 22:30:36.581281,99800.11,105328.46,95800.99,100000.0,2721639
2023-11-09 22:30:36.581281,99497.92,101535.82,98745.89,100000.0,5246113
2023-11-10 22:30:36.581281,99563.15,103502.03,96764.59,100000.0,5973711
2023-11-13 22:30:36.581281,99734.88,100890.07,98264.17,100000.0,881778
2023-11-14 22:30:36.581281,100072.75,100072.75,99305.07,100000.0,7262882
2023-11-15 22:30:36.581281,100464.2,100549.65,99980.58,100000.0,5114820
2023-11-16 22:30:36.581281,99871.51,100977.6,98422.41,100000.0,3740877
2023-11-17 22:30:36.581281,100310.67,101009.48,99836.06,100000.0,1499728
2023-11-20 22:30:36.581281,99497.92,102359.43,98596.72,100000.0,4471838
2023-11-21 22:30:36.581281,99742.18,101013.95,99742.18,100000.0,7035726
2023-11-22 22:30:36.581281,100194.06,100194.06,95676.74,100000.0,5656631
2023-11-23 22:30:36.581281,99873.47,100237.12,99858.43,100000.0,2394690
2023-11-24 22:30:36.581281,99623.91,101103.39,98793.08,100000.0,303930
2023-11-27 22:30:36.581281,99700.69,101895.62,99536.26,100000.0,3322459
2023-11-28 22:30:36.581281,100777.28,100777.28,98588.69,100000.0,1805122
2023-11-29 22:30:36.581281,99818.57,103255.45,99305.81,100000.0,4061945
2023-11-30 22:30:36.581281,100469.13,101892.61,97674.88,100000.0,3087165
2023-12-01 22:30:36.581281,100304.52,100668.6,99204.4,100000.0,513078
2023-12-04 22:30:36.581281,99802.01,100060.96,98877.32,100000.0,3060871
2023-12-05 22:30:36.581281,99712.02,100161.23,99712.02,100000.0,2065927
2023-12-06 22:30:36.581281,99910.84,101612.72,99910.84,100000.0,5463537
2023-12-07 22:30:36.581281,99841.39,100840.81,98973.23,100000.0,4525181
2023-12-08 22:30:36.581281,100544.2,100544.2,99333.8,100000.0,8305626
2023-12-11 22:30:36.581281,99882.81,103848.01,99882.81,100000.0,754630
2023-12-12 22:30:36.581281,100811.59,101100.03,98724.26,100000.0,7087596
2023-12-13 22:30:36.581281,99149.42,100541.31,98872.28,100000.0,1082514
2023-12-14 22:30:36.581281,100211.56,102509.91,96367.35,100000.0,2817322
2023-12-15 22:30:36.581281,100194.08,100698.93,99213.48,100000.0,2343776
2023-12-18 22:30:36.581281,100753.56,101408.54,98914.6,100000.0,5317380
2023-12-19 22:30:36.581281,99881.21,102068.53,98955.3,100000.0,6202101
2023-12-20 22:30:36.581281,99937.8,105486.71,99658.07,100000.0,1269145
2023-12-21 22:30:36.581281,99812.87,100692.26,98530.49,100000.0,640295
2023-12-22 22:30:36.581281,99438.71,102022.91,98850.76,100000.0,3004736
2023-12-25 22:30:36.581281,99507.62,101132.96,98850.27,100000.0,3645690
2023-12-26 22:30:36.581281,100585.99,100585.99,99899.62,100000.0,240444
2023-12-27 22:30:36.581281,100179.75,100339.77,99662.05,100000.0,1627387
2023-12-28 22:30:36.581281,100242.0,100242.0,96373.84,100000.0,5670444
2023-12-29 22:30:36.581281,99883.85,100186.49,99883.85,100000.0,3119990
2024-01-01 22:30:36.581281,100134.47,102320.39,99025.93,100000.0,7756527
2024-01-02 22:30:36.581281,99714.2,100101.11,98823.29,100000.0,3111536
2024-01-03 22:30:36.581281,99799.93,100988.22,98401.14,100000.0,2098854
2024-01-04 22:30:36.581281,99074.75,101974.78,98669.27,100000.0,703373
2024-01-05 22:30:36.581281,99408.04,102145.85,99139.45,100000.0,4259013
2024-01-08 22:30:36.581281,98842.68,104848.39,96513.17,100000.0,4131391
2024-01-09 22:30:36.581281,99733.81,101180.58,99733.81,100000.0,4300213
2024-01-10 22:30:36.581281,99782.22,100075.53,96797.78,100000.0,1245523
2024-01-11 22:30:36.581281,99420.17,101556.79,98672.18,100000.0,9196083
2024-01-12 22:30:36.581281,99721.32,100870.71,99721.32,100000.0,3727789
2024-01-15 22:30:36.581281,99552.16,100255.07,98203.83,100000.0,3736847
2024-01-16 22:30:36.581281,100215.68,102598.55,99949.61,100000.0,3143165
2024-01-17 22:30:36.581281,99602.42,100407.08,99502.75,100000.0,4021451
2024-01-18 22:30:36.581281,100335.3,101036.04,99116.22,100000.0,2784868
2024-01-19 22:30:36.581281,100233.7,100276.39,99941.12,100000.0,889758
2024-01-22 22:30:36.581281,100079.8,100079.8,98878.78,100000.0,2249038
2024-01-23 22:30:36.581281,100113.51,100113.51,99635.59,100000.0,6634322
2024-01-24 22:30:36.581281,99457.05,101127.31,98502.87,100000.0,830619
2024-01-25 22:30:36.581281,100157.99,102320.61,99742.8,100000.0,1288579
2024-01-26 22:30:36.581281,100235.35,100235.35,99517.42,100000.0,426419
2024-01-29 22:30:36.581281,99723.1,101479.05,98843.08,100000.0,2282536
2024-01-30 22:30:36.581281,99417.21,101776.37,99161.79,100000.0,190722
2024-01-31 22:30:36.581281,100205.08,100205.08,96582.39,100000.0,4048565
2024-02-01 22:30:36.581281,100021.23,101147.53,98376.34,100000.0,1480506
2024-02-02 22:30:36.581281,100205.65,101014.34,97757.99,100000.0,2694394
2024-02-05 22:30:36.581281,99620.22,100307.69,99620.22,100000.0,2820441
2024-02-06 22:30:36.581281,99644.27,100389.65,98689.04,100000.0,4518197
2024-02-07 22:30:36.581281,100942.5,100991.75,99505.22,100000.0,8753315
2024-02-08 22:30:36.581281,100189.26,100189.26,98632.71,100000.0,791413
2024-02-09 22:30:36.581281,99947.04,101525.33,98746.39,100000.0,3344880
2024-02-12 22:30:36.581281,99368.38,100745.08,98845.66,100000.0,4354925
2024-02-13 22:30:36.581281,100479.5,102145.95,99850.36,100000.0,7131961
2024-02-14 22:30:36.581281,100059.52,101241.33,99364.41,100000.0,1982918
2024-02-15 22:30:36.581281,100285.95,102407.74,98187.73,100000.0,1017569
2024-02-16 22:30:36.581281,100104.79,101033.5,99962.2,100000.0,598551
2024-02-19 22:30:36.581281,99078.82,102036.19,98210.16,100000.0,3009793
2024-02-20 22:30:36.581281,99242.8,103399.72,99121.73,100000.0,3111169
2024-02-21 22:30:36.581281,100554.65,100554.65,98668.54,100000.0,1437101
2024-02-22 22:30:36.581281,99905.46,100332.9,99452.32,100000.0,2267464
2024-02-23 22:30:36.581281,99903.65,101248.15,97506.96,100000.0,7400853
2024-02-26 22:30:36.581281,100207.35,100207.35,96437.85,100000.0,1280417
2024-02-27 22:30:36.581281,99825.09,100272.19,99668.71,100000.0,8648100
2024-02-28 22:30:36.581281,99227.44,100530.05,97826.86,100000.0,2768622
2024-02-29 22:30:36.581281,100492.91,100855.9,99824.44,100000.0,2179083
2024-03-01 22:30:36.581281,99429.78,102908.9,99364.39,100000.0,3202248
2024-03-04 22:30:36.581281,100452.53,102409.12,96891.35,100000.0,1842660
2024-03-05 22:30:36.581281,100000.29,103066.94,99350.26,100000.0,6152793
2024-03-06 22:30:36.581281,100160.88,100160.88,98773.28,100000.0,2340826
2024-03-07 22:30:36.581281,100733.75,100936.92,96981.18,100000.0,6061271
2024-03-08 22:30:36.581281,99853.98,102739.71,97692.76,100000.0,5180140
2024-03-11 22:30:36.581281,99855.3,100237.86,98636.29,100000.0,2051773
2024-03-12 22:30:36.581281,99797.23,100270.74,99776.07,100000.0,3601498
2024-03-13 22:30:36.581281,99558.53,101143.83,97883.98,100000.0,4189536
2024-03-14 22:30:36.581281,100096.28,100096.28,99037.03,100000.0,3464036
2024-03-15 22:30:36.581281,100249.1,100998.11,99076.93,100000.0,5246425
2024-03-18 22:30:36.581281,99359.47,101551.47,97986.09,100000.0,844990
2024-03-19 22:30:36.581281,99673.99,101880.48,99206.91,100000.0,473364
2024-03-20 22:30:36.581281,99633.96,101071.1,97534.51,100000.0,3958293
2024-03-21 22:30:36.581281,99984.01,101800.54,99984.01,100000.0,5374447
2024-03-22 22:30:36.581281,100386.41,100386.41,99694.49,100000.0,4398968
2024-03-25 22:30:36.581281,99811.27,104944.08,98909.99,100000.0,1366807
2024-03-26 22:30:36.581281,99375.36,102650.04,99172.72,100000.0,479468
2024-03-27 22:30:36.581281,99784.19,100523.89,99784.19,100000.0,4069878
2024-03-28 22:30:36.581281,99987.24,100276.74,99987.24,100000.0,2294863
2024-03-29 22:30:36.581281,99820.11,100477.9,99820.11,100000.0,6048673
2024-04-01 22:30:36.581281,100986.38,104104.14,97295.66,100000.0,587188
2024-04-02 22:30:36.581281,99393.46,101751.38,99393.46,100000.0,3714933
2024-04-03 22:30:36.581281,100138.85,100138.85,99508.12,100000.0,553927
2024-04-04 22:30:36.581281,99702.42,101450.79,99702.42,100000.0,805143
2024-04-05 22:30:36.581281,99177.69,101046.9,98675.49,100000.0,1309588
2024-04-08 22:30:36.581281,99571.03,100220.7,98881.96,100000.0,1686265
2024-04-09 22:30:36.581281,100506.74,101206.72,99834.35,100000.0,2267687
2024-04-10 22:30:36.581281,99527.93,103338.88,98699.58,100000.0,7073425
2024-04-11 22:30:36.581281,99890.78,100815.77,97774.29,100000.0,4163856
2024-04-12 22:30:36.581281,99520.92,100117.73,98440.25,100000.0,976042
2024-04-15 22:30:36.581281,99970.22,100485.72,99367.4,100000.0,5451361
2024-04-16 22:30:36.581281,100513.77,100989.22,98661.93,100000.0,3696366
2024-04-17 22:30:36.581281,100000.42,101317.09,99133.46,100000.0,2133004
2024-04-18 22:30:36.581281,99682.35,100268.7,99682.35,100000.0,3349312
2024-04-19 22:30:36.581281,99764.55,100640.63,99764.55,100000.0,3154091
2024-04-22 22:30:36.581281,99985.25,100414.15,99846.61,100000.0,3893145
2024-04-23 22:30:36.581281,99437.83,101614.14,99114.0,100000.0,1907454
2024-04-24 22:30:36.581281,99825.8,100204.73,98726.51,100000.0,1192377
2024-04-25 22:30:36.581281,100231.02,100231.02,98334.65,100000.0,2142474
2024-04-26 22:30:36.581281,100115.93,101584.45,95643.44,100000.0,6034242
2024-04-29 22:30:36.581281,99672.8,101142.24,99201.9,100000.0,5678900
2024-04-30 22:30:36.581281,100308.21,100881.1,99896.58,100000.0,5361711
2024-05-01 22:30:36.581281,100170.27,100170.27,99346.76,100000.0,394303
2024-05-02 22:30:36.581281,99512.76,101068.72,98131.36,100000.0,350221
2024-05-03 22:30:36.581281,99676.75,100490.72,99389.34,100000.0,1991324
2024-05-06 22:30:36.581281,100053.16,101781.04,99556.89,100000.0,2206074
2024-05-07 22:30:36.581281,99972.84,102642.65,98750.3,100000.0,141497
2024-05-08 22:30:36.581281,99720.58,104818.19,97965.83,100000.0,3779218
2024-05-09 22:30:36.581281,100037.79,103513.24,99838.62,100000.0,4333387
2024-05-10 22:30:36.581281,100048.25,100981.54,99292.46,100000.0,1971086
2024-05-13 22:30:36.581281,100166.56,100431.59,96212.15,100000.0,2365053
2024-05-14 22:30:36.581281,99406.13,100171.47,98488.77,100000.0,6685482
2024-05-15 22:30:36.581281,100158.57,101341.93,96757.45,100000.0,2547721
2024-05-16 22:30:36.581281,100344.23,100344.23,99064.45,100000.0,3708528
2024-05-17 22:30:36.581281,99778.4,100375.67,99228.39,100000.0,2337188
2024-05-20 22:30:36.581281,99738.23,100423.43,95673.4,100000.0,3542310
2024-05-21 22:30:36.581281,100196.75,100403.29,99643.14,100000.0,2099441
2024-05-22 22:30:36.581281,99743.03,100682.14,99352.02,100000.0,3843705
2024-05-23 22:30:36.581281,100735.44,100860.2,99718.53,100000.0,4460602
2024-05-24 22:30:36.581281,100424.57,104627.23,97506.09,100000.0,280131
2024-05-27 22:30:36.581281,98914.07,101009.02,98771.79,100000.0,1826799
2024-05-28 22:30:36.581281,99597.13,100104.78,96508.6,100000.0,1061593
2024-05-29 22:30:36.581281,101280.88,102822.37,99276.91,100000.0,1189721
2024-05-30 22:30:36.581281,100869.19,101990.91,98258.79,100000.0,1631536
2024-05-31 22:30:36.581281,100550.49,100550.49,97838.88,100000.0,5804917
2024-06-03 22:30:36.581281,99444.1,103659.4,99029.58,100000.0,4705595
2024-06-04 22:30:36.581281,100486.91,102377.12,99787.6,100000.0,297957
2024-06-05 22:30:36.581281,99816.32,101312.6,99816.32,100000.0,6263638
2024-06-06 22:30:36.581281,99870.39,101851.41,98273.08,100000.0,372478
2024-06-07 22:30:36.581281,99262.68,104719.76,98030.13,100000.0,773416
2024-06-10 22:30:36.581281,100864.74,101622.23,97072.07,100000.0,4266642
2024-06-11 22:30:36.581281,100184.49,101817.29,97771.04,100000.0,1593470
2024-06-12 22:30:36.581281,99902.86,102766.1,99902.86,100000.0,8938344
2024-06-13 22:30:36.581281,100359.57,101221.26,99345.94,100000.0,1437929
2024-06-14 22:30:36.581281,100266.29,101014.55,99656.84,100000.0,3167995
2024-06-17 22:30:36.581281,99975.67,101771.01,99177.25,100000.0,5688819
2024-06-18 22:30:36.581281,98995.53,101360.44,96342.21,100000.0,2234120
2024-06-19 22:30:36.581281,100454.47,100897.36,98005.28,100000.0,581091
2024-06-20 22:30:36.581281,99830.74,105122.25,99220.9,100000.0,6248688
2024-06-21 22:30:36.581281,100578.31,100578.31,98613.25,100000.0,830148
2024-06-24 22:30:36.581281,99920.28,100306.83,99793.53,100000.0,3354666
2024-06-25 22:30:36.581281,99508.99,102479.38,96836.66,100000.0,2187648
2024-06-26 22:30:36.581281,99460.45,100834.59,97012.15,100000.0,1854263
2024-06-27 22:30:36.581281,99906.94,100878.85,98391.67,100000.0,1851186
2024-06-28 22:30:36.581281,99923.58,101701.18,97256.65,100000.0,7955367
2024-07-01 22:30:36.581281,100206.88,100206.88,98795.29,100000.0,1181625
2024-07-02 22:30:36.581281,100099.59,103770.56,99064.21,100000.0,3781795
2024-07-03 22:30:36.581281,100671.84,102861.95,97195.66,100000.0,953864
2024-07-04 22:30:36.581281,100264.48,101309.68,99377.34,100000.0,5591437
2024-07-05 22:30:36.581281,99816.65,102424.96,99548.54,100000.0,2227760
2024-07-08 22:30:36.581281,99991.19,100503.99,99198.96,100000.0,6753857
2024-07-09 22:30:36.581281,99769.8,100263.85,96755.31,100000.0,2037608
2024-07-10 22:30:36.581281,100290.64,101084.56,99934.21,100000.0,4229682
2024-07-11 22:30:36.581281,100222.28,100222.28,99538.41,100000.0,2413161
2024-07-12 22:30:36.581281,99826.41,102009.87,99100.93,100000.0,5254801
2024-07-15 22:30:36.581281,99901.4,102818.3,99143.42,100000.0,3735266
2024-07-16 22:30:36.581281,100210.83,100889.1,99124.93,100000.0,8202078
2024-07-17 22:30:36.581281,99852.85,104705.26,94396.16,100000.0,6803910
2024-07-18 22:30:36.581281,99855.02,101508.97,99855.02,100000.0,1374396
2024-07-19 22:30:36.581281,100119.63,100600.54,99245.83,100000.0,816679
2024-07-22 22:30:36.581281,100831.83,103231.44,96677.8,100000.0,4125133
2024-07-23 22:30:36.581281,99839.77,100329.92,99839.77,100000.0,1146841
2024-07-24 22:30:36.581281,99949.26,100009.21,99949.26,100000.0,1163459
2024-07-25 22:30:36.581281,100193.37,100302.56,92823.62,100000.0,1821311
2024-07-26 22:30:36.581281,100033.53,102375.7,99787.33,100000.0,2971827
2024-07-29 22:30:36.581281,100189.75,101093.5,98801.02,100000.0,5182617
2024-07-30 22:30:36.581281,99682.93,102483.33,98533.83,100000.0,3608737
2024-07-31 22:30:36.581281,99786.44,101527.1,98489.46,100000.0,63509
2024-08-01 22:30:36.581281,99620.93,101507.37,97427.5,100000.0,2773720
2024-08-02 22:30:36.581281,99731.15,100277.15,96331.23,100000.0,3995004
2024-08-05 22:30:36.581281,100275.5,100679.95,98550.15,100000.0,2366720
2024-08-06 22:30:36.581281,99482.84,103640.42,97390.19,100000.0,2246965
2024-08-07 22:30:36.581281,99901.95,101919.08,98106.3,100000.0,4299050
2024-08-08 22:30:36.581281,100710.79,100962.12,99955.47,100000.0,3358892
2024-08-09 22:30:36.581281,100808.27,102625.61,98858.78,100000.0,3162320
2024-08-12 22:30:36.581281,100221.17,101544.44,97427.49,100000.0,3981530
2024-08-13 22:30:36.581281,101652.47,102274.01,92734.57,100000.0,2986188
2024-08-14 22:30:36.581281,99317.68,100328.92,99317.68,100000.0,687768
2024-08-15 22:30:36.581281,99663.87,100036.29,99598.73,100000.0,7491450
2024-08-16 22:30:36.581281,100221.7,100512.24,98395.0,100000.0,617183
2024-08-19 22:30:36.581281,99780.28,100447.41,98041.68,100000.0,3451240
2024-08-20 22:30:36.581281,100520.17,102000.12,99581.49,100000.0,7458866
2024-08-21 22:30:36.581281,99939.39,100200.07,99908.22,100000.0,589908
2024-08-22 22:30:36.581281,100250.97,100386.67,98066.39,100000.0,8349067
2024-08-23 22:30:36.581281,99000.19,100860.31,98649.19,100000.0,4209113
2024-08-26 22:30:36.581281,99918.65,100175.38,98261.3,100000.0,3997769
2024-08-27 22:30:36.581281,100628.13,100641.29,98374.63,100000.0,1550115
2024-08-28 22:30:36.581281,100015.05,100015.05,98928.38,100000.0,1318951
2024-08-29 22:30:36.581281,99386.84,100230.97,99386.84,100000.0,4778323
2024-08-30 22:30:36.581281,99558.68,100523.01,99558.68,100000.0,6057711
2024-09-02 22:30:36.581281,99656.95,102371.96,99656.95,100000.0,939352
2024-09-03 22:30:36.581281,99466.15,100909.63,98471.29,100000.0,97880
2024-09-04 22:30:36.581281,100127.89,104130.47,99729.46,100000.0,2324362
2024-09-05 22:30:36.581281,99982.86,102116.34,97345.31,100000.0,4240758
2024-09-06 22:30:36.581281,100611.64,101786.55,95751.08,100000.0,4142928
2024-09-09 22:30:36.581281,100244.67,104964.59,98794.5,100000.0,3224456
2024-09-10 22:30:36.581281,100499.34,101292.33,98974.17,100000.0,6046064
2024-09-11 22:30:36.581281,100161.13,102845.21,99662.6,100000.0,765263
2024-09-12 22:30:36.581281,99265.22,101435.35,99265.22,100000.0,2265880
2024-09-13 22:30:36.581281,100003.62,101105.78,99778.7,100000.0,1315022
2024-09-16 22:30:36.581281,100032.14,100252.31,99565.93,100000.0,246805
2024-09-17 22:30:36.581281,99584.63,100771.69,97848.45,100000.0,8133813
2024-09-18 22:30:36.581281,99057.31,101171.39,96406.64,100000.0,2929637
2024-09-19 22:30:36.581281,100012.79,101900.99,98475.78,100000.0,1206648
2024-09-20 22:30:36.581281,99863.01,100706.67,99863.01,100000.0,3405457
2024-09-23 22:30:36.581281,100068.09,100380.78,97082.85,100000.0,3051123
2024-09-24 22:30:36.581281,99618.12,100055.26,99618.12,100000.0,3698344
2024-09-25 22:30:36.581281,99778.25,100691.03,95965.08,100000.0,3779052
2024-09-26 22:30:36.581281,98872.08,100035.23,98872.08,100000.0,2056322
2024-09-27 22:30:36.581281,100121.47,100293.38,98061.47,100000.0,4168117
2024-09-30 22:30:36.581281,99150.11,100150.34,98012.22,100000.0,9060577
2024-10-01 22:30:36.581281,99670.46,100617.91,99482.09,100000.0,4640540
2024-10-02 22:30:36.581281,100331.88,100489.99,98823.86,100000.0,1885180
2024-10-03 22:30:36.581281,100411.88,102317.86,96476.76,100000.0,5411848
2024-10-04 22:30:36.581281,99912.31,103319.06,98965.0,100000.0,2102315
2024-10-07 22:30:36.581281,100075.42,100075.42,99560.69,100000.0,165287
2024-10-08 22:30:36.581281,100376.66,101382.85,99229.0,100000.0,5057724
2024-10-09 22:30:36.581281,100595.01,101580.87,98445.07,100000.0,7489381
2024-10-10 22:30:36.581281,99672.75,101234.67,99131.14,100000.0,1652685
2024-10-11 22:30:36.581281,99810.31,100892.21,98317.51,100000.0,241855
2024-10-14 22:30:36.581281,99922.17,100004.85,99922.17,100000.0,495260
2024-10-15 22:30:36.581281,99694.8,101430.86,99579.94,100000.0,3747692
2024-10-16 22:30:36.581281,100370.07,102085.26,99565.64,100000.0,388563
2024-10-17 22:30:36.581281,99227.52,102067.87,94092.78,100000.0,1784632
2024-10-18 22:30:36.581281,100106.83,100319.93,98247.45,100000.0,4068426
2024-10-21 22:30:36.581281,99908.22,100971.71,99463.34,100000.0,1596927
2024-10-22 22:30:36.581281,100127.78,102918.29,97852.79,100000.0,1967583
2024-10-23 22:30:36.581281,100062.45,100257.84,99991.66,100000.0,268545
2024-10-24 22:30:36.581281,99996.9,100268.48,96334.77,100000.0,4056666
2024-10-25 22:30:36.581281,100242.68,101580.61,97608.16,100000.0,767072
2024-10-28 22:30:36.581281,100133.08,101976.86,96828.07,100000.0,9010270
2024-10-29 22:30:36.581281,99410.85,100113.77,99410.85,100000.0,2918587
2024-10-30 22:30:36.581281,99846.48,102116.46,98621.71,100000.0,1178620
2024-10-31 22:30:36.581281,99826.83,100536.44,99826.83,100000.0,1330847
2024-11-01 22:30:36.581281,100029.72,100029.72,96712.15,100000.0,870009
2024-11-04 22:30:36.581281,100161.88,101769.15,98000.55,100000.0,1632981
2024-11-05 22:30:36.581281,99557.28,101805.02,99290.82,100000.0,272270
2024-11-06 22:30:36.581281,99121.45,101313.56,98522.54,100000.0,3332254
2024-11-07 22:30:36.581281,100053.82,100053.82,98308.23,100000.0,8451365
2024-11-08 22:30:36.581281,100061.98,100304.48,99786.72,100000.0,2604444
2024-11-11 22:30:36.581281,100204.73,104408.76,98569.66,100000.0,1306291
2024-11-12 22:30:36.581281,100169.9,103301.16,97121.91,100000.0,5000227
2024-11-13 22:30:36.581281,99887.82,100777.02,99887.82,100000.0,4000457
2024-11-14 22:30:36.581281,99654.82,100013.0,95210.29,100000.0,579646
2024-11-15 22:30:36.581281,100109.37,100656.69,98064.97,100000.0,3421425
2024-11-18 22:30:36.581281,99650.78,101049.25,99339.39,100000.0,363684
2024-11-19 22:30:36.581281,99788.87,103401.43,98663.49,100000.0,4292539
2024-11-20 22:30:36.581281,99849.35,101675.82,98658.89,100000.0,1989790
2024-11-21 22:30:36.581281,100343.6,104105.39,96098.56,100000.0,2339574
2024-11-22 22:30:36.581281,100524.45,103149.37,99874.6,100000.0,2391724
2024-11-25 22:30:36.581281,100482.19,101871.42,97177.6,100000.0,1512941
2024-11-26 22:30:36.581281,99913.39,100286.05,99122.34,100000.0,2927049
2024-11-27 22:30:36.581281,99507.46,100935.72,99268.77,100000.0,5891124
2024-11-28 22:30:36.581281,100192.25,100192.25,97566.43,100000.0,1872052
2024-11-29 22:30:36.581281,100706.12,100706.12,99418.13,100000.0,3178177
2024-12-02 22:30:36.581281,99951.55,100220.11,99951.55,100000.0,2673762
2024-12-03 22:30:36.581281,100365.12,101725.63,98547.31,100000.0,2108132
2024-12-04 22:30:36.581281,99563.08,100408.4,99563.08,100000.0,319316
2024-12-05 22:30:36.581281,99972.66,100907.1,98736.12,100000.0,1653007
2024-12-06 22:30:36.581281,99836.45,100722.06,99836.45,100000.0,5860979
2024-12-09 22:30:36.581281,99818.18,103350.2,98572.97,100000.0,8608700
2024-12-10 22:30:36.581281,99934.55,101964.37,97356.43,100000.0,2292593
2024-12-11 22:30:36.581281,99692.79,102019.14,99290.98,100000.0,5152358
2024-12-12 22:30:36.581281,100369.71,100680.12,97723.63,100000.0,1722702
2024-12-13 22:30:36.581281,100189.87,101451.31,95342.3,100000.0,4013712
2024-12-16 22:30:36.581281,99994.62,100345.51,99994.62,100000.0,1966726
2024-12-17 22:30:36.581281,99945.49,103417.37,98461.65,100000.0,564600
2024-12-18 22:30:36.581281,100056.71,100851.17,97288.96,100000.0,1421583
2024-12-19 22:30:36.581281,99405.46,100163.28,99405.46,100000.0,455524
2024-12-20 22:30:36.581281,100508.34,101248.7,99590.93,100000.0,102570
2024-12-23 22:30:36.581281,100065.62,100725.42,99853.58,100000.0,2821528
2024-12-24 22:30:36.581281,99891.92,100251.71,99724.03,100000.0,2156068
2024-12-25 22:30:36.581281,100293.28,100293.28,99842.59,100000.0,4082570
2024-12-26 22:30:36.581281,99952.73,101521.77,99952.73,100000.0,1010171
2024-12-27 22:30:36.581281,100550.75,102467.75,96719.6,100000.0,1955184
2024-12-30 22:30:36.581281,99445.85,100206.47,98041.92,100000.0,4709078
2024-12-31 22:30:36.581281,99890.11,101361.27,99890.11,100000.0,3103362
2025-01-01 22:30:36.581281,100320.8,103122.13,98998.32,100000.0,3847911
2025-01-02 22:30:36.581281,100201.65,100214.57,99629.01,100000.0,1278144
2025-01-03 22:30:36.581281,99831.96,100172.17,98576.8,100000.0,5964674
2025-01-06 22:30:36.581281,100089.78,100943.99,98301.0,100000.0,3453858
2025-01-07 22:30:36.581281,100504.53,103716.57,95208.94,100000.0,453091
2025-01-08 22:30:36.581281,99705.9,100168.29,99705.9,100000.0,2341494
2025-01-09 22:30:36.581281,100054.52,101242.8,98410.53,100000.0,7770235
2025-01-10 22:30:36.581281,99983.83,100811.41,95719.47,100000.0,3026397
2025-01-13 22:30:36.581281,99673.02,100116.51,99027.54,100000.0,1529158
2025-01-14 22:30:36.581281,99474.82,100415.31,98168.36,100000.0,178163
2025-01-15 22:30:36.581281,100372.58,101665.35,96934.59,100000.0,2765964
2025-01-16 22:30:36.581281,100215.51,102313.94,96426.45,100000.0,503564
2025-01-17 22:30:36.581281,99866.7,100269.18,99458.97,100000.0,8351279
2025-01-20 22:30:36.581281,100261.71,101554.56,99311.73,100000.0,682177
2025-01-21 22:30:36.581281,100798.63,100834.04,96460.36,100000.0,2733844
2025-01-22 22:30:36.581281,100075.56,100075.56,99008.78,100000.0,1600555
2025-01-23 22:30:36.581281,100330.62,100330.62,99193.57,100000.0,577920
2025-01-24 22:30:36.581281,100340.46,101384.98,99257.32,100000.0,1785089
2025-01-27 22:30:36.581281,100155.31,100155.31,98210.72,100000.0,857325
2025-01-28 22:30:36.581281,100217.61,101082.35,98614.14,100000.0,3363743
2025-01-29 22:30:36.581281,99519.97,102142.08,97241.04,100000.0,3017399
2025-01-30 22:30:36.581281,99864.19,102591.18,97302.24,100000.0,99767
2025-01-31 22:30:36.581281,100063.27,100063.27,99282.5,100000.0,7628319
2025-02-03 22:30:36.581281,100142.35,100257.72,99668.62,100000.0,5460919
2025-02-04 22:30:36.581281,100188.86,101424.79,95095.14,100000.0,5583518
2025-02-05 22:30:36.581281,99799.06,101485.83,99799.06,100000.0,7687880
2025-02-06 22:30:36.581281,100016.21,104267.74,99717.76,100000.0,2720292
2025-02-07 22:30:36.581281,99304.96,104414.84,99300.59,100000.0,5715683
2025-02-10 22:30:36.581281,99518.14,101333.89,99357.09,100000.0,7365279
2025-02-11 22:30:36.581281,99785.06,100612.12,99079.37,100000.0,1451419
2025-02-12 22:30:36.581281,99828.4,102771.09,99700.37,100000.0,3350519
2025-02-13 22:30:36.581281,100318.24,100482.21,98778.4,100000.0,2325865
2025-02-14 22:30:36.581281,100737.74,101057.17,97204.37,100000.0,2596734
2025-02-17 22:30:36.581281,99973.1,100472.79,99973.1,100000.0,1318852
2025-02-18 22:30:36.581281,99701.48,101106.14,99701.48,100000.0,1914898
2025-02-19 22:30:36.581281,100814.75,101769.09,92760.92,100000.0,987275
2025-02-20 22:30:36.581281,100396.53,100396.53,98521.11,100000.0,1331928
2025-02-21 22:30:36.581281,100068.75,101073.31,98885.46,100000.0,1771313
2025-02-24 22:30:36.581281,100232.26,100596.79,98516.78,100000.0,6285458
2025-02-25 22:30:36.581281,100021.97,100820.04,97451.48,100000.0,2105908
2025-02-26 22:30:36.581281,100166.44,101192.09,97113.88,100000.0,7719347
2025-02-27 22:30:36.581281,99891.13,105068.37,98128.9,100000.0,871307
2025-02-28 22:30:36.581281,100329.48,101751.86,98909.78,100000.0,3719789
2025-03-03 22:30:36.581281,100126.23,101078.02,98338.97,100000.0,1872237
2025-03-04 22:30:36.581281,99898.12,100364.18,99898.12,100000.0,394661
2025-03-05 22:30:36.581281,100290.67,100290.67,99384.12,100000.0,654138
2025-03-06 22:30:36.581281,99894.71,101437.74,98212.28,100000.0,6077238
2025-03-07 22:30:36.581281,99858.15,100994.71,98526.01,100000.0,388857
2025-03-10 22:30:36.581281,99891.08,102363.63,98741.31,100000.0,1637102
2025-03-11 22:30:36.581281,99729.67,101864.17,96191.54,100000.0,4332983
2025-03-12 22:30:36.581281,100179.59,100955.41,97052.29,100000.0,3728385
2025-03-13 22:30:36.581281,100066.22,100066.22,99745.81,100000.0,729873
2025-03-14 22:30:36.581281,99799.25,102730.37,98881.29,100000.0,947988
2025-03-17 22:30:36.581281,99694.26,100035.56,98394.35,100000.0,3352263
2025-03-18 22:30:36.581281,99713.01,103963.57,97565.74,100000.0,352976
2025-03-19 22:30:36.581281,100553.18,101470.07,99498.39,100000.0,948767
2025-03-20 22:30:36.581281,100345.26,103298.32,98169.48,100000.0,1878144
2025-03-21 22:30:36.581281,99962.21,100679.22,99962.21,100000.0,998565
2025-03-24 22:30:36.581281,100140.92,100358.89,97921.51,100000.0,4486691
2025-03-25 22:30:36.581281,100251.42,100251.42,99764.89,100000.0,7577833
2025-03-26 22:30:36.581281,100059.03,100059.03,99677.87,100000.0,5671113
2025-03-27 22:30:36.581281,99897.33,100671.05,99441.71,100000.0,2517842
2025-03-28 22:30:36.581281,99795.12,103962.17,99670.08,100000.0,1547435
2025-03-31 22:30:36.581281,100126.88,100859.42,99575.28,100000.0,1605747
2025-04-01 22:30:36.581281,100290.48,100723.57,99967.43,100000.0,7205485
2025-04-02 22:30:36.581281,99878.2,101097.22,98968.09,100000.0,7339131
2025-04-03 22:30:36.581281,100343.53,101475.78,99371.18,100000.0,2069160
2025-04-04 22:30:36.581281,100234.67,100345.9,99641.31,100000.0,3070677
2025-04-07 22:30:36.581281,99475.28,100487.27,99181.95,100000.0,4609065
2025-04-08 22:30:36.581281,100111.16,100111.16,99294.44,100000.0,6063826
2025-04-09 22:30:36.581281,99990.7,102474.93,97096.4,100000.0,1848008
2025-04-10 22:30:36.581281,100083.61,100550.97,98350.96,100000.0,1942251
2025-04-11 22:30:36.581281,100577.58,100715.99,98191.67,100000.0,192228
2025-04-14 22:30:36.581281,100306.2,100306.2,99283.84,100000.0,3663757
2025-04-15 22:30:36.581281,99409.08,102433.34,95507.01,100000.0,3117255
2025-04-16 22:30:36.581281,100090.94,100974.35,96257.2,100000.0,5237134
2025-04-17 22:30:36.581281,100293.13,100293.13,96174.29,100000.0,6169249
2025-04-18 22:30:36.581281,99610.65,102510.29,97902.21,100000.0,4855120
2025-04-21 22:30:36.581281,99789.75,100972.09,98331.56,100000.0,4296498
2025-04-22 22:30:36.581281,100372.17,101707.08,97911.37,100000.0,3662506
2025-04-23 22:30:36.581281,98919.79,102634.65,98316.61,100000.0,1555247
2025-04-24 22:30:36.581281,100406.31,104710.92,98311.55,100000.0,4533037
2025-04-25 22:30:36.581281,100282.93,102266.66,99888.52,100000.0,4652694
2025-04-28 22:30:36.581281,100396.4,101356.87,99621.93,100000.0,5144712
2025-04-29 22:30:36.581281,100009.19,102581.65,94211.19,100000.0,1897558
2025-04-30 22:30:36.581281,100027.84,100027.84,97612.96,100000.0,7436444
2025-05-01 22:30:36.581281,100039.03,100430.49,99627.79,100000.0,1959660
2025-05-02 22:30:36.581281,100321.74,101375.05,98831.12,100000.0,1027647
2025-05-05 22:30:36.581281,100151.41,101430.69,99971.13,100000.0,3574053
2025-05-06 22:30:36.581281,100482.99,101758.61,98788.63,100000.0,7667836
2025-05-07 22:30:36.581281,100102.23,100256.31,99891.07,100000.0,3347776
2025-05-08 22:30:36.581281,98888.75,103914.99,97475.33,100000.0,502027
2025-05-09 22:30:36.581281,100333.34,102980.34,98367.75,100000.0,4277089
2025-05-12 22:30:36.581281,99805.8,101685.32,99805.8,100000.0,2362528
2025-05-13 22:30:36.581281,99607.63,100979.19,97263.58,100000.0,435716
2025-05-14 22:30:36.581281,100312.3,101263.51,98558.32,100000.0,1961029
2025-05-15 22:30:36.581281,99374.64,100882.77,99374.64,100000.0,5641851
2025-05-16 22:30:36.581281,100350.73,100444.03,98434.79,100000.0,3741618
2025-05-19 22:30:36.581281,100909.36,102609.19,99440.33,100000.0,2653832
2025-05-20 22:30:36.581281,100473.84,100749.42,98985.0,100000.0,2862892
2025-05-21 22:30:36.581281,99631.79,101662.46,97636.27,100000.0,3464718
2025-05-22 22:30:36.581281,100074.67,105513.04,95910.19,100000.0,3570720
2025-05-23 22:30:36.581281,100406.86,100519.03,99559.71,100000.0,7714689
2025-05-26 22:30:36.581281,100595.42,101694.04,99894.46,100000.0,2232787
2025-05-27 22:30:36.581281,98234.11,102424.4,96332.45,100000.0,2887762
2025-05-28 22:30:36.581281,100444.56,100770.46,98414.41,100000.0,3736144
2025-05-29 22:30:36.581281,99965.41,100174.42,98637.78,100000.0,2000038
2025-05-30 22:30:36.581281,100565.25,100565.25,97413.18,100000.0,318956
2025-06-02 22:30:36.581281,100317.08,101094.63,98787.71,100000.0,4079823
2025-06-03 22:30:36.581281,100442.61,103439.53,99954.17,100000.0,5499669
2025-06-04 22:30:36.581281,99592.84,104564.79,96749.87,100000.0,2017787
2025-06-05 22:30:36.581281,100383.62,104458.01,98149.17,100000.0,1402241
2025-06-06 22:30:36.581281,101516.48,102297.55,97581.27,100000.0,3250394
2025-06-09 22:30:36.581281,100038.97,100038.97,99771.89,100000.0,8308363
2025-06-10 22:30:36.581281,99886.63,100013.76,97933.26,100000.0,2361296
2025-06-11 22:30:36.581281,100071.66,100651.46,99308.37,100000.0,8057102
2025-06-12 22:30:36.581281,100228.78,101793.51,98660.14,100000.0,1897487
2025-06-13 22:30:36.581281,99449.29,100894.68,99374.97,100000.0,2565342
2025-06-16 22:30:36.581281,100674.08,102857.1,99159.58,100000.0,5006137
2025-06-17 22:30:36.581281,99577.04,100789.72,98323.78,100000.0,1392383
2025-06-18 22:30:36.581281,99945.99,100235.67,99945.99,100000.0,603365
2025-06-19 22:30:36.581281,99496.57,102709.53,99496.57,100000.0,1596679
2025-06-20 22:30:36.581281,100063.0,100210.55,99240.27,100000.0,4331191
2025-06-23 22:30:36.581281,99725.14,103483.95,98394.94,100000.0,3537017
2025-06-24 22:30:36.581281,99217.8,101002.32,98211.42,100000.0,4334616
2025-06-25 22:30:36.581281,99659.35,101373.92,96233.13,100000.0,3678975
2025-06-26 22:30:36.581281,99879.3,100212.3,99621.6,100000.0,1989606
2025-06-27 22:30:36.581281,100038.79,100830.32,99531.19,100000.0,2223048
2025-06-30 22:30:36.581281,99719.99,100006.94,99293.36,100000.0,4232528
2025-07-01 22:30:36.581281,99620.63,101633.42,97964.91,100000.0,4969273
2025-07-02 22:30:36.581281,99880.74,100028.74,99782.03,100000.0,8236260
2025-07-03 22:30:36.581281,100223.76,101480.75,98094.38,100000.0,8639157
2025-07-04 22:30:36.581281,100417.44,100506.78,99440.88,100000.0,4007462
2025-07-07 22:30:36.581281,99948.39,100383.78,99948.39,100000.0,1111517
2025-07-08 22:30:36.581281,100022.07,100074.76,98670.12,100000.0,4413845
2025-07-09 22:30:36.581281,99188.82,103788.84,97839.66,100000.0,3554995
2025-07-10 22:30:36.581281,100277.38,100277.38,96082.27,100000.0,1750249
2025-07-11 22:30:36.581281,100058.7,109254.06,99934.44,100000.0,8127305
2025-07-14 22:30:36.581281,99368.64,102796.68,98104.84,100000.0,2187213
2025-07-15 22:30:36.581281,98540.08,100804.4,98483.0,100000.0,6695174
2025-07-16 22:30:36.581281,99976.09,100988.3,94772.08,100000.0,1876257
2025-07-17 22:30:36.581281,99576.4,100125.9,99576.4,100000.0,2685873
2025-07-18 22:30:36.581281,99932.95,100109.89,99932.95,100000.0,2064114
2025-07-21 22:30:36.581281,100417.49,102469.69,99355.21,100000.0,6132135
2025-07-22 22:30:36.581281,100048.99,100351.3,98376.71,100000.0,5061021
2025-07-23 22:30:36.581281,100212.82,100968.82,99597.09,100000.0,1589423
2025-07-24 22:30:36.581281,100167.24,100416.8,99707.54,100000.0,410247
2025-07-25 22:30:36.581281,99765.75,100437.04,97814.63,100000.0,1751115
2025-07-28 22:30:36.581281,100317.84,101741.98,99150.96,100000.0,872087
2025-07-29 22:30:36.581281,99948.92,100654.63,99948.92,100000.0,2894285
2025-07-30 22:30:36.581281,100301.45,101075.39,99656.64,100000.0,5318089
2025-07-31 22:30:36.581281,99515.59,100128.8,98168.89,100000.0,850659
2025-08-01 22:30:36.581281,100076.33,100310.75,99557.64,100000.0,2633310
2025-08-04 22:30:36.581281,99358.35,101113.46,98795.66,100000.0,919589
2025-08-05 22:30:36.581281,99057.15,101902.22,98664.05,100000.0,4282336
2025-08-06 22:30:36.581281,100300.47,101542.12,99398.76,100000.0,842302
2025-08-07 22:30:36.581281,99049.21,105390.12,96771.94,100000.0,4585452
2025-08-08 22:30:36.581281,100818.91,100818.91,99091.13,100000.0,1731512
2025-08-11 22:30:36.581281,100538.43,101046.77,99086.23,100000.0,344391
2025-08-12 22:30:36.581281,100524.66,100524.66,97777.71,100000.0,60691
2025-08-13 22:30:36.581281,100019.86,100361.29,99709.43,100000.0,552993
2025-08-14 22:30:36.581281,100020.61,100604.37,99195.48,100000.0,1678941
2025-08-15 22:30:36.581281,99841.54,100650.91,99841.54,100000.0,5144490
2025-08-18 22:30:36.581281,100503.98,100958.42,98554.5,100000.0,652279
2025-08-19 22:30:36.581281,100435.06,100881.38,97885.08,100000.0,5771209
2025-08-20 22:30:36.581281,100396.57,100396.57,99595.71,100000.0,4424806
2025-08-21 22:30:36.581281,99689.39,103456.44,95891.65,100000.0,1505293
2025-08-22 22:30:36.581281,100676.26,102241.05,94944.4,100000.0,4640763
2025-08-25 22:30:36.581281,100102.79,100319.84,99914.08,100000.0,3255619
2025-08-26 22:30:36.581281,100237.8,100237.8,99593.41,100000.0,5089381
2025-08-27 22:30:36.581281,99990.87,100247.37,99518.32,100000.0,8056070
2025-08-28 22:30:36.581281,99832.23,103766.29,99417.07,100000.0,3177184
2025-08-29 22:30:36.581281,100137.48,101377.98,99417.56,100000.0,1554699
2025-09-01 22:30:36.581281,99578.38,100157.52,99297.92,100000.0,2803353
2025-09-02 22:30:36.581281,100023.54,101759.04,97302.62,100000.0,1451420
2025-09-03 22:30:36.581281,100325.76,102695.13,98934.33,100000.0,6144928
2025-09-04 22:30:36.581281,100100.18,100786.2,99717.08,100000.0,2332487
2025-09-05 22:30:36.581281,100094.12,100743.54,98242.23,100000.0,328078
2025-09-08 22:30:36.581281,98550.09,100404.51,98468.11,100000.0,6852068
2025-09-09 22:30:36.581281,100416.01,100416.01,99449.28,100000.0,1859487
2025-09-10 22:30:36.581281,100214.62,100738.94,99476.71,100000.0,1104487
2025-09-11 22:30:36.581281,100724.99,101969.6,98192.62,100000.0,2391322
2025-09-12 22:30:36.581281,99279.76,104243.25,95709.23,100000.0,4187344
2025-09-15 22:30:36.581281,100110.29,102572.51,99215.04,100000.0,1611066
2025-09-16 22:30:36.581281,100276.16,101114.75,99930.82,100000.0,4729629
2025-09-17 22:30:36.581281,99709.15,104108.04,99230.51,100000.0,434720
2025-09-18 22:30:36.581281,99999.29,100796.43,98484.82,100000.0,603763
2025-09-19 22:30:36.581281,100014.43,100014.43,95697.05,100000.0,4985470
2025-09-22 22:30:36.581281,100043.03,105053.23,94669.08,100000.0,4802431
2025-09-23 22:30:36.581281,99641.29,102685.18,95126.8,100000.0,622181
2025-09-24 22:30:36.581281,100120.93,100347.8,97340.97,100000.0,3517852
2025-09-25 22:30:36.581281,100156.47,101796.16,98620.73,100000.0,1168178
2025-09-26 22:30:36.581281,99213.98,100703.45,99213.98,100000.0,8757474
2025-09-29 22:30:36.581281,99264.87,103742.43,97332.6,100000.0,2012423
2025-09-30 22:30:36.581281,99911.21,101365.11,95368.27,100000.0,7696925
2025-10-01 22:30:36.581281,100577.51,101329.95,99243.7,100000.0,2390600
2025-10-02 22:30:36.581281,99743.74,101018.76,98483.27,100000.0,2521842
2025-10-03 22:30:36.581281,100883.17,102420.02,98685.28,100000.0,5928823
2025-10-06 22:30:36.581281,100599.52,101500.43,99434.56,100000.0,4390668
2025-10-07 22:30:36.581281,99242.23,102856.43,94279.44,100000.0,2178939
2025-10-08 22:30:36.581281,100568.61,100683.38,99069.22,100000.0,1688230
2025-10-09 22:30:36.581281,100078.04,100189.23,98852.55,100000.0,4279938
2025-10-10 22:30:36.581281,100231.61,102232.73,97810.93,100000.0,5173867
2025-10-13 22:30:36.581281,100726.48,104620.58,95888.23,100000.0,2940117
2025-10-14 22:30:36.581281,99979.34,100013.18,97839.13,100000.0,2013968
2025-10-15 22:30:36.581281,100064.03,101283.42,95038.42,100000.0,2240201
2025-10-16 22:30:36.581281,100119.18,100119.18,98726.28,100000.0,4130999
2025-10-17 22:30:36.581281,100104.01,101154.91,99172.61,100000.0,1280163
2025-10-20 22:30:36.581281,99786.78,104023.69,99786.78,100000.0,1543460
2025-10-21 22:30:36.581281,99914.81,100462.06,99914.81,100000.0,5851423
2025-10-22 22:30:36.581281,99837.29,100287.78,99837.29,100000.0,8186683
2025-10-23 22:30:36.581281,100179.44,100418.63,99301.73,100000.0,3938742
2025-10-24 22:30:36.581281,100135.19,101261.57,99794.43,100000.0,1171751
2025-10-27 22:30:36.581281,100383.56,102456.91,99666.81,100000.0,431417
2025-10-28 22:30:36.581281,99718.45,104427.86,99718.45,100000.0,686390
2025-10-29 22:30:36.581281,99473.8,100583.94,99265.85,100000.0,4516523
2025-10-30 22:30:36.581281,100183.65,102239.34,95758.57,100000.0,217020
2025-10-31 22:30:36.581281,100107.92,100922.71,99242.07,100000.0,1213517
2025-11-03 22:30:36.581281,99649.96,101604.22,97808.08,100000.0,5487640
2025-11-04 22:30:36.581281,100831.86,101171.8,99044.22,100000.0,1299535
2025-11-05 22:30:36.581281,100029.85,100601.59,98360.85,100000.0,5386680
2025-11-06 22:30:36.581281,100549.14,102455.16,99880.91,100000.0,7114673
2025-11-07 22:30:36.581281,100374.84,100929.9,99886.49,100000.0,2744080
2025-11-10 22:30:36.581281,100440.07,103189.7,97252.36,100000.0,3638889
2025-11-11 22:30:36.581281,100084.72,100084.72,99203.96,100000.0,467558
2025-11-12 22:30:36.581281,99980.5,102257.53,96078.49,100000.0,2306782
2025-11-13 22:30:36.581281,99879.6,104331.98,99737.38,100000.0,211899
2025-11-14 22:30:36.581281,100391.32,101034.44,99860.5,100000.0,4368642
2025-11-17 22:30:36.581281,100090.92,101541.79,99592.6,100000.0,1672466
2025-11-18 22:30:36.581281,99563.14,100867.31,95373.0,100000.0,860776
2025-11-19 22:30:36.581281,99539.01,101421.9,97651.14,100000.0,155414
2025-11-20 22:30:36.581281,100035.03,100145.46,99266.78,100000.0,2134568
2025-11-21 22:30:36.581281,99261.83,101551.69,98275.22,100000.0,524482
2025-11-24 22:30:36.581281,100397.52,100397.52,97552.02,100000.0,1078406
2025-11-25 22:30:36.581281,100280.19,100657.32,98661.25,100000.0,6231501
2025-11-26 22:30:36.581281,99498.69,106285.33,99498.69,100000.0,5748821
2025-11-27 22:30:36.581281,99377.62,100570.0,99263.3,100000.0,6599803
2025-11-28 22:30:36.581281,100007.61,102439.58,95080.12,100000.0,911556
2025-12-01 22:30:36.581281,100157.56,100907.88,99501.4,100000.0,1654664
2025-12-02 22:30:36.581281,99536.54,101334.12,96354.08,100000.0,1025487
2025-12-03 22:30:36.581281,100109.06,100109.06,99385.17,100000.0,5675558
2025-12-04 22:30:36.581281,100171.44,100171.44,99463.19,100000.0,2884512
2025-12-05 22:30:36.581281,99670.36,104106.01,98495.89,100000.0,5782835
2025-12-08 22:30:36.581281,100031.12,100251.33,99049.22,100000.0,2202350
2025-12-09 22:30:36.581281,99974.23,101674.95,98625.01,100000.0,5847349
2025-12-10 22:30:36.581281,99059.59,101319.53,99059.59,100000.0,4846111
2025-12-11 22:30:36.581281,100084.68,100084.68,99639.12,100000.0,7314917
2025-12-12 22:30:36.581281,100178.42,102064.05,97457.8,100000.0,3504738
2025-12-15 22:30:36.581281,100375.4,100375.4,99893.9,100000.0,379076
2025-12-16 22:30:36.581281,100400.12,100833.0,95054.94,100000.0,2077565
2025-12-17 22:30:36.581281,100031.96,100681.71,96813.37,100000.0,1537009
2025-12-18 22:30:36.581281,99375.73,101560.04,98853.68,100000.0,2477940
2025-12-19 22:30:36.581281,100390.87,101136.12,99735.86,100000.0,1882810
2025-12-22 22:30:36.581281,99899.74,100253.73,97609.95,100000.0,2352131
2025-12-23 22:30:36.581281,100012.75,100012.75,99050.51,100000.0,1165433
2025-12-24 22:30:36.581281,100076.76,100076.76,99170.93,100000.0,2430111
2025-12-25 22:30:36.581281,100341.04,100575.04,98130.02,100000.0,6804057
2025-12-26 22:30:36.581281,99577.85,101764.47,98848.5,100000.0,3106149
2025-12-29 22:30:36.581281,99509.49,100478.14,96557.65,100000.0,1783546
2025-12-30 22:30:36.581281,100067.8,100500.16,99479.31,100000.0,2374184
2025-12-31 22:30:36.581281,100702.22,101277.24,99287.32,100000.0,3286495
2026-01-01 22:30:36.581281,100028.83,104018.06,95314.13,100000.0,912046
2026-01-02 22:30:36.581281,99597.47,101090.0,99597.47,100000.0,4012908
2026-01-05 22:30:36.581281,100427.52,100427.52,98155.09,100000.0,322343
2026-01-06 22:30:36.581281,100157.06,100846.16,98294.74,100000.0,4644032
2026-01-07 22:30:36.581281,99527.75,100428.09,99008.1,100000.0,899976
2026-01-08 22:30:36.581281,99996.82,101349.11,91911.78,100000.0,2128487
2026-01-09 22:30:36.581281,99470.22,102677.6,98925.03,100000.0,519847
2026-01-12 22:30:36.581281,99768.95,100066.25,99608.68,100000.0,4721542
2026-01-13 22:30:36.581281,99701.96,101398.92,97602.45,100000.0,4599964
2026-01-14 22:30:36.581281,99747.63,100487.52,99747.63,100000.0,2115080
2026-01-15 22:30:36.581281,100267.38,101870.25,98991.23,100000.0,3069676
2026-01-16 22:30:36.581281,100143.74,100291.06,98376.84,100000.0,8762138
2026-01-19 22:30:36.581281,100587.62,104632.7,98983.8,100000.0,5481697
2026-01-20 22:30:36.581281,99233.68,102037.24,98005.1,100000.0,872908
2026-01-21 22:30:36.581281,99961.62,103450.15,99961.62,100000.0,3320902
2026-01-22 22:30:36.581281,100375.42,101258.44,99848.16,100000.0,2618083
2026-01-23 22:30:36.581281,100922.61,101325.91,99731.84,100000.0,1745515
2026-01-26 22:30:36.581281,100455.02,101260.95,96575.58,100000.0,5732422
2026-01-27 22:30:36.581281,100668.92,104169.32,95787.78,100000.0,2358737
2026-01-28 22:30:36.581281,99639.73,100072.74,99637.7,100000.0,662483
2026-01-29 22:30:36.581281,100291.66,100317.35,99973.41,100000.0,2480398
2026-01-30 22:30:36.581281,100617.13,101634.99,95982.35,100000.0,3537293
2026-02-02 22:30:36.581281,100012.4,100564.99,98955.22,100000.0,1988322
